[{"listaPunti":[{"latitude":40.6455,"longitude":15.8076},{"latitude":40.6458,"longitude":15.8070},{"latitude":40.6465,"longitude":15.8077},{"latitude":40.6462,"longitude":15.8083}],"nomeAula":"Laboratorio"},{"listaPunti":[{"latitude":40.6455,"longitude":15.8075},{"latitude":40.6451,"longitude":15.8071},{"latitude":40.6448,"longitude":15.8076},{"latitude":40.6453,"longitude":15.8081}],"nomeAula":"Dimie"},{"listaPunti":[{"latitude":40.6455,"longitude":15.8076},{"latitude":40.6462,"longitude":15.8083},{"latitude":40.6459,"longitude":15.8087},{"latitude":40.6453,"longitude":15.8081}],"nomeAula":"Ingegneria"},{"listaPunti":[{"latitude":40.6471,"longitude":15.8078},{"latitude":40.6475,"longitude":15.8082},{"latitude":40.6471,"longitude":15.8088},{"latitude":40.6467,"longitude":15.8086}],"nomeAula":"Agraria"},{"listaPunti":[{"latitude":40.6477,"longitude":15.8107},{"latitude":40.6475,"longitude":15.8112},{"latitude":40.6481,"longitude":15.8114},{"latitude":40.6482,"longitude":15.8109}],"nomeAula":"Mensa"},{"listaPunti":[{"latitude":40.6801,"longitude":15.7962},{"latitude":40.6802,"longitude":15.7957},{"latitude":40.6804,"longitude":15.7957},{"latitude":40.6804,"longitude":15.7961}],"nomeAula":"PROVA"}]